Model,Actual Score,Mean Permutation Score,Permutation SD,Empirical P-value
logistic_regression,1.0,0.5187200000000001,0.08493268864224185,0.000999000999000999
random_forest,1.0,0.5168,0.0849809390392928,0.000999000999000999
xgboost,0.9800000000000001,0.51408,0.08296597856953174,0.000999000999000999
