{
    "framework_version": "1.0.0",
    "feature_extractor_version": "1.0.0",
    "dataset_version": "Rojas-Libano-2019-v3",
    "processed_timestamp": "2026-07-18T17:13:54.759222",
    "num_subjects": 40,
    "validation": {
        "num_participants": 40,
        "num_participants_valid": true,
        "class_counts": {
            "ADHD": 28,
            "Control": 12
        },
        "class_balance_ratio": 2.3333333333333335,
        "class_balance_valid": true,
        "missing_value_counts": {
            "subject_id": 0,
            "group": 0,
            "mean_reaction_time_ms": 0,
            "median_reaction_time_ms": 0,
            "rt_variability": 0,
            "rt_coefficient_of_variation": 0,
            "accuracy_overall": 0,
            "accuracy_by_load_diff": 0,
            "accuracy_by_distractor_diff": 0,
            "mean_fixation_stability": 0,
            "mean_pupil_proxy": 0,
            "normalized_fixation_instability": 26,
            "normalized_gaze_dispersion": 26,
            "pupil_variability": 0,
            "omission_rate": 0,
            "false_alarm_rate": 0,
            "hit_rate": 0
        },
        "has_missing_values": true,
        "feature_distributions": {
            "mean_reaction_time_ms": {
                "mean": 815.5220977043434,
                "std": 135.501204974072,
                "min": 488.1602564102564,
                "max": 1153.9862068965517
            },
            "median_reaction_time_ms": {
                "mean": 790.1,
                "std": 147.88691972463633,
                "min": 444.5,
                "max": 1168.0
            },
            "rt_variability": {
                "mean": 220.7723266277545,
                "std": 56.27445565943752,
                "min": 135.10986423127713,
                "max": 366.37867449766543
            },
            "rt_coefficient_of_variation": {
                "mean": 0.2796816645710877,
                "std": 0.09394577369574351,
                "min": 0.16480029478800767,
                "max": 0.5819607732096395
            },
            "accuracy_overall": {
                "mean": 0.66234375,
                "std": 0.17760474236691415,
                "min": 0.25,
                "max": 0.90625
            },
            "accuracy_by_load_diff": {
                "mean": 0.11593749999999999,
                "std": 0.10568714034647443,
                "min": -0.11249999999999999,
                "max": 0.3125
            },
            "accuracy_by_distractor_diff": {
                "mean": 0.015000000000000003,
                "std": 0.14420427107014477,
                "min": -0.30000000000000004,
                "max": 0.35
            },
            "mean_fixation_stability": {
                "mean": 22.08276008917549,
                "std": 33.62686383680553,
                "min": 0.0,
                "max": 106.79744021288427
            },
            "mean_pupil_proxy": {
                "mean": -0.025181124251059218,
                "std": 0.036582777060226085,
                "min": -0.1348826840603667,
                "max": 0.020856799422233487
            },
            "normalized_fixation_instability": {
                "mean": 0.04833878193544801,
                "std": 0.019647795478505394,
                "min": 0.020723197140238386,
                "max": 0.08179386543252759
            },
            "normalized_gaze_dispersion": {
                "mean": 0.051819790014813225,
                "std": 0.023884715767110508,
                "min": 0.020977751958540194,
                "max": 0.11549766368603623
            },
            "pupil_variability": {
                "mean": 0.08366911719994596,
                "std": 0.03867085251491642,
                "min": 0.007898769084267407,
                "max": 0.17584597014089298
            },
            "omission_rate": {
                "mean": 0.075,
                "std": 0.08881791370479152,
                "min": 0.0,
                "max": 0.38125
            },
            "false_alarm_rate": {
                "mean": 0.0,
                "std": 0.0,
                "min": 0.0,
                "max": 0.0
            },
            "hit_rate": {
                "mean": 0.6830321981710983,
                "std": 0.16522968274291647,
                "min": 0.2833333333333333,
                "max": 0.9333333333333333
            }
        },
        "rt_range": {
            "min": 488.1602564102564,
            "max": 1153.9862068965517
        },
        "rt_range_valid": true,
        "mean_accuracy_by_load_diff": 0.11593749999999999,
        "load_effect_valid": true,
        "all_valid": false
    }
}