{
    "framework_version": "1.0.0",
    "feature_extractor_version": "1.0.0",
    "dataset_version": "Rojas-Libano-2019-v3",
    "processed_timestamp": "2026-07-05T20:57:00.497036",
    "num_subjects": 50,
    "validation": {
        "num_participants": 50,
        "num_participants_valid": true,
        "class_counts": {
            "ADHD": 28,
            "Control": 22
        },
        "class_balance_ratio": 1.2727272727272727,
        "class_balance_valid": true,
        "missing_value_counts": {
            "subject_id": 0,
            "group": 0,
            "mean_reaction_time_ms": 0,
            "median_reaction_time_ms": 0,
            "rt_variability": 0,
            "rt_coefficient_of_variation": 0,
            "accuracy_overall": 0,
            "accuracy_by_load_diff": 0,
            "accuracy_by_distractor_diff": 0,
            "mean_fixation_stability": 0,
            "mean_pupil_proxy": 0,
            "omission_rate": 0,
            "false_alarm_rate": 0,
            "hit_rate": 0
        },
        "has_missing_values": false,
        "feature_distributions": {
            "mean_reaction_time_ms": {
                "mean": 686.19307578824,
                "std": 80.24882004824661,
                "min": 582.1927632353303,
                "max": 795.6048390403932
            },
            "median_reaction_time_ms": {
                "mean": 687.6044008536918,
                "std": 84.01662906713649,
                "min": 573.7988206380369,
                "max": 823.2154054266842
            },
            "rt_variability": {
                "mean": 129.06277228459655,
                "std": 32.4380761045148,
                "min": 77.34104233332306,
                "max": 186.53255222970736
            },
            "rt_coefficient_of_variation": {
                "mean": 0.18615447739611501,
                "std": 0.032186571961844074,
                "min": 0.1305438651880463,
                "max": 0.25845336193461443
            },
            "accuracy_overall": {
                "mean": 0.7705,
                "std": 0.0865568705345491,
                "min": 0.625,
                "max": 0.975
            },
            "accuracy_by_load_diff": {
                "mean": 0.11568058060055637,
                "std": 0.13456187468399908,
                "min": -0.17042606516290726,
                "max": 0.4343434343434343
            },
            "accuracy_by_distractor_diff": {
                "mean": 0.037780473396572464,
                "std": 0.16857150972183085,
                "min": -0.3125,
                "max": 0.4444444444444444
            },
            "mean_fixation_stability": {
                "mean": 4.491410428432012,
                "std": 2.5175610417378915,
                "min": 1.643411180858019,
                "max": 6.867162418397695
            },
            "mean_pupil_proxy": {
                "mean": -0.0017630307300372725,
                "std": 0.04106882938764468,
                "min": -0.09708830934629893,
                "max": 0.09302068109787716
            },
            "omission_rate": {
                "mean": 0.026999999999999996,
                "std": 0.02466096643090296,
                "min": 0.0,
                "max": 0.125
            },
            "false_alarm_rate": {
                "mean": 0.2128260511246579,
                "std": 0.09677994622377388,
                "min": 0.0,
                "max": 0.4666666666666667
            },
            "hit_rate": {
                "mean": 0.7511001240522239,
                "std": 0.12745051585624723,
                "min": 0.4444444444444444,
                "max": 1.0
            }
        },
        "rt_range": {
            "min": 582.1927632353303,
            "max": 795.6048390403932
        },
        "rt_range_valid": true,
        "mean_accuracy_by_load_diff": 0.11568058060055637,
        "load_effect_valid": true,
        "all_valid": true
    }
}